Genero,Etnia,Nivel educativo de los padres,Examen de preparacion,Matematicas,Lectura,Escritura,Cluster
Femenino,Grupo B,"Licenciatura, Ingenieria",No realizado,72,72,74,0
Femenino,Grupo C,"Educacion Superior, no titulado",Completado,69,90,88,3
Femenino,Grupo B,Maestria,No realizado,90,95,93,3
Masculino,Grupo A,Preparatoria,No realizado,47,57,44,1
Masculino,Grupo C,"Educacion Superior, no titulado",No realizado,76,78,75,0
Femenino,Grupo B,Preparatoria,No realizado,71,83,78,0
Femenino,Grupo B,"Educacion Superior, no titulado",Completado,88,95,92,3
Masculino,Grupo B,"Educacion Superior, no titulado",No realizado,40,43,39,2
Masculino,Grupo D,Secundaria,Completado,64,64,67,4
Femenino,Grupo B,Secundaria,No realizado,38,60,50,1
Masculino,Grupo C,Preparatoria,No realizado,58,54,52,1
Masculino,Grupo D,Preparatoria,No realizado,40,52,43,2
Femenino,Grupo B,Secundaria,No realizado,65,81,73,0
Masculino,Grupo A,"Educacion Superior, no titulado",Completado,78,72,70,0
Femenino,Grupo A,Maestria,No realizado,50,53,58,1
Femenino,Grupo C,Secundaria,No realizado,69,75,78,0
Masculino,Grupo C,Secundaria,No realizado,88,89,86,3
Femenino,Grupo B,Secundaria,No realizado,18,32,28,2
Masculino,Grupo C,Maestria,Completado,46,42,46,2
Femenino,Grupo C,Preparatoria,No realizado,54,58,61,1
Masculino,Grupo D,Secundaria,No realizado,66,69,63,4
Femenino,Grupo B,"Educacion Superior, no titulado",Completado,65,75,70,4
Masculino,Grupo D,"Educacion Superior, no titulado",No realizado,44,54,53,1
Femenino,Grupo C,Secundaria,No realizado,69,73,73,0
Masculino,Grupo D,"Licenciatura, Ingenieria",Completado,74,71,80,0
Masculino,Grupo A,Maestria,No realizado,73,74,72,0
Masculino,Grupo B,"Educacion Superior, no titulado",No realizado,69,54,55,1
Femenino,Grupo C,"Licenciatura, Ingenieria",No realizado,67,69,75,4
Masculino,Grupo C,Secundaria,No realizado,70,70,65,4
Femenino,Grupo D,Maestria,No realizado,62,70,75,4
Femenino,Grupo D,"Educacion Superior, no titulado",No realizado,69,74,74,0
Femenino,Grupo B,"Educacion Superior, no titulado",No realizado,63,65,61,4
Femenino,Grupo E,Maestria,No realizado,56,72,65,4
Masculino,Grupo D,"Educacion Superior, no titulado",No realizado,40,42,38,2
Masculino,Grupo E,"Educacion Superior, no titulado",No realizado,97,87,82,3
Masculino,Grupo E,Preparatoria,Completado,81,81,79,0
Femenino,Grupo D,Preparatoria,No realizado,74,81,83,0
Femenino,Grupo D,Secundaria,No realizado,50,64,59,1
Femenino,Grupo D,Preparatoria,Completado,75,90,88,3
Masculino,Grupo B,Preparatoria,No realizado,57,56,57,1
Masculino,Grupo C,Preparatoria,No realizado,55,61,54,1
Femenino,Grupo C,Preparatoria,No realizado,58,73,68,4
Femenino,Grupo B,Preparatoria,No realizado,53,58,65,1
Masculino,Grupo B,"Educacion Superior, no titulado",Completado,59,65,66,4
Femenino,Grupo E,Preparatoria,No realizado,50,56,54,1
Masculino,Grupo B,Preparatoria,No realizado,65,54,57,1
Femenino,Grupo A,Preparatoria,Completado,55,65,62,4
Femenino,Grupo C,Secundaria,No realizado,66,71,76,0
Femenino,Grupo D,Preparatoria,Completado,57,74,76,4
Masculino,Grupo C,Secundaria,Completado,82,84,82,3
Masculino,Grupo E,"Educacion Superior, no titulado",No realizado,53,55,48,1
Masculino,Grupo E,Preparatoria,Completado,77,69,68,0
Masculino,Grupo C,"Educacion Superior, no titulado",No realizado,53,44,42,1
Masculino,Grupo D,Secundaria,No realizado,88,78,75,0
Femenino,Grupo C,Secundaria,Completado,71,84,87,0
Femenino,Grupo C,Secundaria,No realizado,33,41,43,2
Femenino,Grupo E,Preparatoria,Completado,82,85,86,3
Masculino,Grupo D,Preparatoria,No realizado,52,55,49,1
Masculino,Grupo D,"Educacion Superior, no titulado",Completado,58,59,58,1
Femenino,Grupo C,Secundaria,No realizado,0,17,10,2
Masculino,Grupo E,"Licenciatura, Ingenieria",Completado,79,74,72,0
Masculino,Grupo A,Secundaria,No realizado,39,39,34,2
Masculino,Grupo A,Preparatoria,No realizado,62,61,55,1
Femenino,Grupo C,Preparatoria,No realizado,69,80,71,0
Femenino,Grupo D,Secundaria,No realizado,59,58,59,1
Masculino,Grupo B,Secundaria,No realizado,67,64,61,4
Masculino,Grupo D,Secundaria,No realizado,45,37,37,2
Femenino,Grupo C,"Educacion Superior, no titulado",No realizado,60,72,74,4
Masculino,Grupo B,Preparatoria,No realizado,61,58,56,1
Femenino,Grupo C,Preparatoria,No realizado,39,64,57,1
Femenino,Grupo D,"Educacion Superior, no titulado",Completado,58,63,73,4
Masculino,Grupo D,"Educacion Superior, no titulado",Completado,63,55,63,4
Femenino,Grupo A,Preparatoria,No realizado,41,51,48,1
Masculino,Grupo C,Secundaria,No realizado,61,57,56,1
Masculino,Grupo C,Secundaria,No realizado,49,49,41,1
Masculino,Grupo B,Preparatoria,No realizado,44,41,38,2
Masculino,Grupo E,Secundaria,No realizado,30,26,22,2
Masculino,Grupo A,"Licenciatura, Ingenieria",Completado,80,78,81,0
Femenino,Grupo D,Secundaria,Completado,61,74,72,4
Femenino,Grupo E,Maestria,No realizado,62,68,68,4
Femenino,Grupo B,Preparatoria,No realizado,47,49,50,1
Masculino,Grupo B,Secundaria,No realizado,49,45,45,1
Masculino,Grupo A,"Educacion Superior, no titulado",Completado,50,47,54,1
Masculino,Grupo E,Preparatoria,No realizado,72,64,63,4
Masculino,Grupo D,Secundaria,No realizado,42,39,34,2
Femenino,Grupo C,"Educacion Superior, no titulado",No realizado,73,80,82,0
Femenino,Grupo C,"Educacion Superior, no titulado",No realizado,76,83,88,3
Femenino,Grupo D,Preparatoria,No realizado,71,71,74,0
Femenino,Grupo A,"Educacion Superior, no titulado",No realizado,58,70,67,4
Femenino,Grupo D,Secundaria,No realizado,73,86,82,0
Femenino,Grupo C,"Licenciatura, Ingenieria",No realizado,65,72,74,4
Masculino,Grupo C,Secundaria,No realizado,27,34,36,2
Masculino,Grupo C,Secundaria,No realizado,71,79,71,0
Masculino,Grupo C,Preparatoria,Completado,43,45,50,1
Femenino,Grupo B,"Educacion Superior, no titulado",No realizado,79,86,92,3
Masculino,Grupo C,Preparatoria,Completado,78,81,82,0
Masculino,Grupo B,Secundaria,Completado,65,66,62,4
Femenino,Grupo E,"Educacion Superior, no titulado",Completado,63,72,70,4
Femenino,Grupo D,"Educacion Superior, no titulado",No realizado,58,67,62,4
Femenino,Grupo D,"Licenciatura, Ingenieria",No realizado,65,67,62,4
Masculino,Grupo B,"Educacion Superior, no titulado",No realizado,79,67,67,0
Masculino,Grupo D,"Licenciatura, Ingenieria",Completado,68,74,74,0
Femenino,Grupo D,Preparatoria,No realizado,85,91,89,3
Masculino,Grupo B,Secundaria,Completado,60,44,47,1
Masculino,Grupo C,"Educacion Superior, no titulado",Completado,98,86,90,3
Femenino,Grupo C,"Educacion Superior, no titulado",No realizado,58,67,72,4
Femenino,Grupo D,Maestria,No realizado,87,100,100,3
Masculino,Grupo E,Preparatoria,Completado,66,63,64,4
Femenino,Grupo B,Preparatoria,No realizado,52,76,70,4
Femenino,Grupo B,Secundaria,No realizado,70,64,72,4
Femenino,Grupo D,Preparatoria,Completado,77,89,98,3
Masculino,Grupo C,Secundaria,No realizado,62,55,49,1
Masculino,Grupo A,Preparatoria,No realizado,54,53,47,1
Femenino,Grupo D,"Educacion Superior, no titulado",No realizado,51,58,54,1
Femenino,Grupo E,"Licenciatura, Ingenieria",Completado,99,100,100,3
Masculino,Grupo C,Secundaria,No realizado,84,77,74,0
Femenino,Grupo B,"Licenciatura, Ingenieria",No realizado,75,85,82,0
Femenino,Grupo D,"Licenciatura, Ingenieria",No realizado,78,82,79,0
Femenino,Grupo D,Secundaria,No realizado,51,63,61,1
Femenino,Grupo C,"Educacion Superior, no titulado",No realizado,55,69,65,4
Femenino,Grupo C,"Licenciatura, Ingenieria",Completado,79,92,89,3
Masculino,Grupo B,Preparatoria,Completado,91,89,92,3
Femenino,Grupo C,"Educacion Superior, no titulado",Completado,88,93,93,3
Masculino,Grupo D,Secundaria,No realizado,63,57,56,1
Masculino,Grupo E,"Educacion Superior, no titulado",No realizado,83,80,73,0
Femenino,Grupo B,Secundaria,No realizado,87,95,86,3
Masculino,Grupo B,Secundaria,No realizado,72,68,67,4
Masculino,Grupo D,"Educacion Superior, no titulado",Completado,65,77,74,0
Masculino,Grupo D,Maestria,No realizado,82,82,74,0
Femenino,Grupo A,"Licenciatura, Ingenieria",No realizado,51,49,51,1
Masculino,Grupo D,Maestria,No realizado,89,84,82,3
Masculino,Grupo C,Secundaria,Completado,53,37,40,2
Masculino,Grupo E,"Educacion Superior, no titulado",Completado,87,74,70,0
Femenino,Grupo C,"Educacion Superior, no titulado",Completado,75,81,84,0
Masculino,Grupo D,"Licenciatura, Ingenieria",Completado,74,79,75,0
Masculino,Grupo C,"Licenciatura, Ingenieria",No realizado,58,55,48,1
Masculino,Grupo B,Secundaria,Completado,51,54,41,1
Masculino,Grupo E,Secundaria,No realizado,70,55,56,4
Femenino,Grupo C,Preparatoria,No realizado,59,66,67,4
Masculino,Grupo D,"Educacion Superior, no titulado",Completado,71,61,69,4
Femenino,Grupo D,Secundaria,No realizado,76,72,71,0
Femenino,Grupo C,"Educacion Superior, no titulado",No realizado,59,62,64,4
Femenino,Grupo E,"Educacion Superior, no titulado",Completado,42,55,54,1
Masculino,Grupo A,Secundaria,No realizado,57,43,47,1
Masculino,Grupo D,"Educacion Superior, no titulado",No realizado,88,73,78,0
Femenino,Grupo C,"Educacion Superior, no titulado",No realizado,22,39,33,2
Masculino,Grupo B,Secundaria,No realizado,88,84,75,3
Masculino,Grupo C,Preparatoria,No realizado,73,68,66,4
Femenino,Grupo D,"Licenciatura, Ingenieria",Completado,68,75,81,0
Masculino,Grupo E,Preparatoria,Completado,100,100,93,3
Masculino,Grupo A,Secundaria,Completado,62,67,69,4
Masculino,Grupo A,"Licenciatura, Ingenieria",No realizado,77,67,68,4
Femenino,Grupo B,Preparatoria,Completado,59,70,66,4
Masculino,Grupo D,"Licenciatura, Ingenieria",No realizado,54,49,47,1
Masculino,Grupo D,Secundaria,No realizado,62,67,61,4
Femenino,Grupo C,"Educacion Superior, no titulado",Completado,70,89,88,3
Femenino,Grupo E,Secundaria,Completado,66,74,78,0
Masculino,Grupo B,"Educacion Superior, no titulado",No realizado,60,60,60,4
Femenino,Grupo B,Preparatoria,Completado,61,86,87,0
Masculino,Grupo D,Preparatoria,No realizado,66,62,64,4
Masculino,Grupo B,Preparatoria,Completado,82,78,74,0
Femenino,Grupo E,"Educacion Superior, no titulado",Completado,75,88,85,3
Masculino,Grupo B,Maestria,No realizado,49,53,52,1
Masculino,Grupo C,Secundaria,No realizado,52,53,49,1
Femenino,Grupo E,Maestria,No realizado,81,92,91,3
Femenino,Grupo C,"Licenciatura, Ingenieria",Completado,96,100,100,3
Masculino,Grupo C,Secundaria,Completado,53,51,51,1
Femenino,Grupo B,Maestria,Completado,58,76,78,0
Femenino,Grupo B,Secundaria,Completado,68,83,78,0
Femenino,Grupo C,"Educacion Superior, no titulado",Completado,67,75,70,0
Masculino,Grupo A,Secundaria,Completado,72,73,74,0
Masculino,Grupo E,Secundaria,No realizado,94,88,78,3
Femenino,Grupo D,"Educacion Superior, no titulado",No realizado,79,86,81,0
Femenino,Grupo C,Preparatoria,No realizado,63,67,70,4
Femenino,Grupo C,"Licenciatura, Ingenieria",Completado,43,51,54,1
Femenino,Grupo C,Maestria,Completado,81,91,87,3
Femenino,Grupo B,Secundaria,Completado,46,54,58,1
Femenino,Grupo C,Preparatoria,Completado,71,77,77,0
Femenino,Grupo B,Maestria,Completado,52,70,62,4
Femenino,Grupo D,Secundaria,Completado,97,100,100,3
Masculino,Grupo C,Maestria,Completado,62,68,75,4
Femenino,Grupo C,"Educacion Superior, no titulado",No realizado,46,64,66,1
Femenino,Grupo E,Secundaria,No realizado,50,50,47,1
Femenino,Grupo D,Preparatoria,No realizado,65,69,70,4
Masculino,Grupo C,Secundaria,Completado,45,52,49,1
Masculino,Grupo C,Preparatoria,Completado,65,67,65,4
Masculino,Grupo E,Secundaria,No realizado,80,76,65,0
Masculino,Grupo D,Secundaria,Completado,62,66,68,4
Masculino,Grupo B,Secundaria,No realizado,48,52,45,1
Femenino,Grupo C,"Licenciatura, Ingenieria",No realizado,77,88,87,3
Femenino,Grupo E,Preparatoria,No realizado,66,65,69,4
Masculino,Grupo D,"Educacion Superior, no titulado",Completado,76,83,79,0
Femenino,Grupo B,Secundaria,No realizado,62,64,66,4
Masculino,Grupo D,"Educacion Superior, no titulado",Completado,77,62,62,4
Femenino,Grupo C,Maestria,Completado,69,84,85,0
Masculino,Grupo D,Preparatoria,No realizado,61,55,52,1
Masculino,Grupo C,Secundaria,Completado,59,69,65,4
Masculino,Grupo E,Secundaria,No realizado,55,56,51,1
Femenino,Grupo B,"Educacion Superior, no titulado",No realizado,45,53,55,1
Femenino,Grupo B,"Licenciatura, Ingenieria",No realizado,78,79,76,0
Femenino,Grupo C,Preparatoria,Completado,67,84,86,0
Femenino,Grupo D,"Educacion Superior, no titulado",No realizado,65,81,77,0
Masculino,Grupo C,Preparatoria,No realizado,69,77,69,0
Femenino,Grupo B,Preparatoria,No realizado,57,69,68,4
Masculino,Grupo C,"Educacion Superior, no titulado",No realizado,59,41,42,1
Masculino,Grupo D,Secundaria,Completado,74,71,78,0
Masculino,Grupo E,"Licenciatura, Ingenieria",No realizado,82,62,62,4
Masculino,Grupo E,Secundaria,Completado,81,80,76,0
Femenino,Grupo B,"Educacion Superior, no titulado",No realizado,74,81,76,0
Femenino,Grupo B,"Educacion Superior, no titulado",No realizado,58,61,66,4
Masculino,Grupo D,Secundaria,Completado,80,79,79,0
Masculino,Grupo C,"Educacion Superior, no titulado",No realizado,35,28,27,2
Femenino,Grupo C,Secundaria,No realizado,42,62,60,1
Masculino,Grupo C,Preparatoria,Completado,60,51,56,1
Masculino,Grupo E,Secundaria,Completado,87,91,81,3
Masculino,Grupo B,Secundaria,Completado,84,83,75,0
Femenino,Grupo E,Preparatoria,Completado,83,86,88,3
Femenino,Grupo C,Secundaria,No realizado,34,42,39,2
Masculino,Grupo B,Secundaria,No realizado,66,77,70,0
Masculino,Grupo B,Secundaria,Completado,61,56,56,1
Femenino,Grupo D,Secundaria,Completado,56,68,74,4
Masculino,Grupo B,Preparatoria,No realizado,87,85,73,0
Femenino,Grupo C,Secundaria,No realizado,55,65,62,4
Masculino,Grupo D,Secundaria,No realizado,86,80,75,0
Femenino,Grupo B,Preparatoria,Completado,52,66,73,4
Femenino,Grupo E,Maestria,No realizado,45,56,54,1
Femenino,Grupo C,"Educacion Superior, no titulado",No realizado,72,72,71,0
Masculino,Grupo D,Secundaria,No realizado,57,50,54,1
Masculino,Grupo A,Secundaria,No realizado,68,72,64,4
Femenino,Grupo C,"Educacion Superior, no titulado",Completado,88,95,94,3
Masculino,Grupo D,"Educacion Superior, no titulado",No realizado,76,64,66,4
Masculino,Grupo C,Preparatoria,No realizado,46,43,42,2
Femenino,Grupo B,"Licenciatura, Ingenieria",No realizado,67,86,83,0
Masculino,Grupo E,Secundaria,No realizado,92,87,78,3
Masculino,Grupo C,"Licenciatura, Ingenieria",Completado,83,82,84,3
Masculino,Grupo D,Preparatoria,No realizado,80,75,77,0
Masculino,Grupo D,"Licenciatura, Ingenieria",No realizado,63,66,67,4
Femenino,Grupo D,Secundaria,Completado,64,60,74,4
Masculino,Grupo B,"Educacion Superior, no titulado",No realizado,54,52,51,1
Masculino,Grupo C,Preparatoria,No realizado,84,80,80,0
Masculino,Grupo D,Secundaria,Completado,73,68,66,4
Femenino,Grupo E,"Licenciatura, Ingenieria",No realizado,80,83,83,0
Femenino,Grupo D,Secundaria,No realizado,56,52,55,1
Masculino,Grupo E,"Educacion Superior, no titulado",No realizado,59,51,43,1
Masculino,Grupo D,Secundaria,No realizado,75,74,69,0
Masculino,Grupo C,Preparatoria,No realizado,85,76,71,0
Masculino,Grupo E,Preparatoria,No realizado,89,76,74,0
Femenino,Grupo B,Secundaria,Completado,58,70,68,4
Femenino,Grupo B,Secundaria,No realizado,65,64,62,4
Masculino,Grupo C,Secundaria,No realizado,68,60,53,4
Masculino,Grupo A,Secundaria,Completado,47,49,49,1
Femenino,Grupo D,"Educacion Superior, no titulado",No realizado,71,83,83,0
Femenino,Grupo B,Secundaria,Completado,60,70,70,4
Masculino,Grupo D,Maestria,No realizado,80,80,72,0
Masculino,Grupo D,Secundaria,No realizado,54,52,52,1
Femenino,Grupo E,"Educacion Superior, no titulado",No realizado,62,73,70,4
Femenino,Grupo C,Preparatoria,No realizado,64,73,68,4
Masculino,Grupo C,Preparatoria,Completado,78,77,77,0
Femenino,Grupo B,"Educacion Superior, no titulado",No realizado,70,75,78,0
Femenino,Grupo C,Maestria,Completado,65,81,81,0
Femenino,Grupo C,Secundaria,Completado,64,79,77,0
Masculino,Grupo C,"Educacion Superior, no titulado",Completado,79,79,78,0
Femenino,Grupo C,Secundaria,No realizado,44,50,51,1
Femenino,Grupo E,Secundaria,No realizado,99,93,90,3
Masculino,Grupo D,Secundaria,No realizado,76,73,68,0
Masculino,Grupo D,Secundaria,No realizado,59,42,41,1
Femenino,Grupo C,"Licenciatura, Ingenieria",No realizado,63,75,81,0
Femenino,Grupo D,Secundaria,No realizado,69,72,77,0
Femenino,Grupo D,Preparatoria,Completado,88,92,95,3
Femenino,Grupo E,"Educacion Superior, no titulado",No realizado,71,76,70,0
Masculino,Grupo C,"Licenciatura, Ingenieria",No realizado,69,63,61,4
Masculino,Grupo C,"Educacion Superior, no titulado",No realizado,58,49,42,1
Femenino,Grupo D,Preparatoria,No realizado,47,53,58,1
Femenino,Grupo D,"Educacion Superior, no titulado",No realizado,65,70,71,4
Masculino,Grupo B,"Educacion Superior, no titulado",Completado,88,85,76,3
Masculino,Grupo C,"Licenciatura, Ingenieria",No realizado,83,78,73,0
Femenino,Grupo C,Secundaria,Completado,85,92,93,3
Femenino,Grupo E,Secundaria,Completado,59,63,75,4
Femenino,Grupo C,Secundaria,No realizado,65,86,80,0
Masculino,Grupo B,"Licenciatura, Ingenieria",No realizado,73,56,57,4
Masculino,Grupo D,Secundaria,No realizado,53,52,42,1
Masculino,Grupo D,Secundaria,No realizado,45,48,46,1
Femenino,Grupo D,"Licenciatura, Ingenieria",No realizado,73,79,84,0
Femenino,Grupo D,"Educacion Superior, no titulado",Completado,70,78,78,0
Femenino,Grupo B,Secundaria,No realizado,37,46,46,2
Masculino,Grupo B,Preparatoria,Completado,81,82,82,0
Masculino,Grupo E,Preparatoria,Completado,97,82,88,3
Femenino,Grupo B,Secundaria,No realizado,67,89,82,0
Masculino,Grupo B,"Licenciatura, Ingenieria",No realizado,88,75,76,0
Masculino,Grupo E,Secundaria,Completado,77,76,77,0
Masculino,Grupo C,Preparatoria,No realizado,76,70,68,0
Masculino,Grupo D,Secundaria,No realizado,86,73,70,0
Masculino,Grupo C,Secundaria,Completado,63,60,57,4
Femenino,Grupo E,"Licenciatura, Ingenieria",No realizado,65,73,75,0
Masculino,Grupo D,Secundaria,Completado,78,77,80,0
Masculino,Grupo B,Preparatoria,No realizado,67,62,60,4
Masculino,Grupo A,Secundaria,Completado,46,41,43,2
Masculino,Grupo E,Preparatoria,Completado,71,74,68,0
Masculino,Grupo C,Secundaria,Completado,40,46,50,2
Masculino,Grupo D,Preparatoria,No realizado,90,87,75,3
Masculino,Grupo A,"Educacion Superior, no titulado",Completado,81,78,81,0
Masculino,Grupo D,Secundaria,No realizado,56,54,52,1
Femenino,Grupo C,Preparatoria,Completado,67,84,81,0
Masculino,Grupo B,Preparatoria,No realizado,80,76,64,0
Femenino,Grupo C,Preparatoria,Completado,74,75,83,0
Masculino,Grupo A,"Educacion Superior, no titulado",No realizado,69,67,69,4
Masculino,Grupo E,"Educacion Superior, no titulado",Completado,99,87,81,3
Masculino,Grupo C,Secundaria,No realizado,51,52,44,1
Femenino,Grupo B,Preparatoria,No realizado,53,71,67,4
Femenino,Grupo D,Secundaria,No realizado,49,57,52,1
Femenino,Grupo B,Preparatoria,No realizado,73,76,80,0
Masculino,Grupo B,"Licenciatura, Ingenieria",No realizado,66,60,57,4
Masculino,Grupo D,"Licenciatura, Ingenieria",Completado,67,61,68,4
Femenino,Grupo C,Preparatoria,Completado,68,67,69,4
Femenino,Grupo C,"Licenciatura, Ingenieria",Completado,59,64,75,4
Masculino,Grupo C,Secundaria,No realizado,71,66,65,4
Femenino,Grupo D,Maestria,Completado,77,82,91,3
Masculino,Grupo C,Preparatoria,No realizado,83,72,78,0
Masculino,Grupo B,"Licenciatura, Ingenieria",No realizado,63,71,69,4
Femenino,Grupo D,Preparatoria,No realizado,56,65,63,4
Femenino,Grupo C,Secundaria,Completado,67,79,84,0
Femenino,Grupo E,Secundaria,No realizado,75,86,79,0
Femenino,Grupo C,"Educacion Superior, no titulado",No realizado,71,81,80,0
Femenino,Grupo C,Secundaria,No realizado,43,53,53,1
Femenino,Grupo C,Secundaria,No realizado,41,46,43,2
Femenino,Grupo C,"Educacion Superior, no titulado",No realizado,82,90,94,3
Masculino,Grupo C,"Educacion Superior, no titulado",No realizado,61,61,62,4
Masculino,Grupo A,"Educacion Superior, no titulado",No realizado,28,23,19,2
Masculino,Grupo C,Preparatoria,Completado,82,75,77,0
Femenino,Grupo B,Secundaria,No realizado,41,55,51,1
Masculino,Grupo C,Secundaria,No realizado,71,60,61,4
Masculino,Grupo C,Preparatoria,No realizado,47,37,35,2
Masculino,Grupo E,Preparatoria,Completado,62,56,53,1
Masculino,Grupo B,Preparatoria,No realizado,90,78,81,3
Femenino,Grupo C,"Licenciatura, Ingenieria",No realizado,83,93,95,3
Femenino,Grupo B,"Educacion Superior, no titulado",No realizado,61,68,66,4
Masculino,Grupo D,Secundaria,Completado,76,70,69,0
Masculino,Grupo C,Preparatoria,No realizado,49,51,43,1
Femenino,Grupo B,Secundaria,No realizado,24,38,27,2
Femenino,Grupo D,Secundaria,Completado,35,55,60,1
Masculino,Grupo C,Secundaria,No realizado,58,61,52,1
Femenino,Grupo C,Secundaria,No realizado,61,73,63,4
Femenino,Grupo B,Secundaria,Completado,69,76,74,0
Masculino,Grupo D,Preparatoria,Completado,67,72,67,4
Masculino,Grupo D,"Educacion Superior, no titulado",No realizado,79,73,67,0
Femenino,Grupo C,Secundaria,No realizado,72,80,75,0
Masculino,Grupo B,"Educacion Superior, no titulado",No realizado,62,61,57,4
Femenino,Grupo C,"Licenciatura, Ingenieria",Completado,77,94,95,3
Masculino,Grupo D,Secundaria,No realizado,75,74,66,0
Masculino,Grupo E,Preparatoria,No realizado,87,74,76,0
Femenino,Grupo B,"Licenciatura, Ingenieria",No realizado,52,65,69,4
Masculino,Grupo E,"Educacion Superior, no titulado",No realizado,66,57,52,1
Femenino,Grupo C,"Educacion Superior, no titulado",Completado,63,78,80,0
Femenino,Grupo C,Preparatoria,No realizado,46,58,57,1
Femenino,Grupo C,"Educacion Superior, no titulado",No realizado,59,71,70,4
Femenino,Grupo B,"Licenciatura, Ingenieria",No realizado,61,72,70,4
Masculino,Grupo A,Preparatoria,No realizado,63,61,61,4
Femenino,Grupo C,"Educacion Superior, no titulado",Completado,42,66,69,4
Masculino,Grupo D,"Educacion Superior, no titulado",No realizado,59,62,61,4
Femenino,Grupo D,"Educacion Superior, no titulado",No realizado,80,90,89,3
Femenino,Grupo B,Secundaria,No realizado,58,62,59,4
Masculino,Grupo B,Secundaria,Completado,85,84,78,3
Femenino,Grupo C,"Educacion Superior, no titulado",No realizado,52,58,58,1
Femenino,Grupo D,Secundaria,No realizado,27,34,32,2
Masculino,Grupo C,"Educacion Superior, no titulado",No realizado,59,60,58,1
Masculino,Grupo A,"Licenciatura, Ingenieria",Completado,49,58,60,1
Masculino,Grupo C,Secundaria,Completado,69,58,53,4
Masculino,Grupo C,"Licenciatura, Ingenieria",No realizado,61,66,61,4
Femenino,Grupo A,Secundaria,No realizado,44,64,58,1
Femenino,Grupo D,Secundaria,No realizado,73,84,85,0
Masculino,Grupo E,"Educacion Superior, no titulado",No realizado,84,77,71,0
Femenino,Grupo C,"Educacion Superior, no titulado",Completado,45,73,70,4
Masculino,Grupo D,Secundaria,No realizado,74,74,72,0
Femenino,Grupo D,"Educacion Superior, no titulado",Completado,82,97,96,3
Femenino,Grupo D,"Licenciatura, Ingenieria",No realizado,59,70,73,4
Masculino,Grupo E,Preparatoria,No realizado,46,43,41,2
Femenino,Grupo D,Secundaria,No realizado,80,90,82,3
Femenino,Grupo D,Maestria,Completado,85,95,100,3
Femenino,Grupo A,Secundaria,No realizado,71,83,77,0
Masculino,Grupo A,"Licenciatura, Ingenieria",No realizado,66,64,62,4
Femenino,Grupo B,Preparatoria,No realizado,80,86,83,3
Masculino,Grupo C,Preparatoria,Completado,87,100,95,3
Masculino,Grupo C,Maestria,No realizado,79,81,71,0
Femenino,Grupo E,Secundaria,No realizado,38,49,45,2
Femenino,Grupo A,Secundaria,No realizado,38,43,43,2
Femenino,Grupo E,"Educacion Superior, no titulado",No realizado,67,76,75,0
Femenino,Grupo E,"Licenciatura, Ingenieria",No realizado,64,73,70,4
Femenino,Grupo C,Preparatoria,No realizado,57,78,67,4
Femenino,Grupo D,Secundaria,No realizado,62,64,64,4
Masculino,Grupo D,Maestria,No realizado,73,70,75,0
Masculino,Grupo E,Secundaria,Completado,73,67,59,4
Femenino,Grupo D,"Educacion Superior, no titulado",No realizado,77,68,77,0
Masculino,Grupo E,"Educacion Superior, no titulado",No realizado,76,67,67,4
Masculino,Grupo C,Preparatoria,Completado,57,54,56,1
Femenino,Grupo C,Secundaria,Completado,65,74,77,0
Masculino,Grupo A,Secundaria,No realizado,48,45,41,2
Femenino,Grupo B,Secundaria,No realizado,50,67,63,4
Femenino,Grupo C,Preparatoria,No realizado,85,89,95,3
Masculino,Grupo B,Secundaria,No realizado,74,63,57,4
Masculino,Grupo D,Secundaria,No realizado,60,59,54,1
Femenino,Grupo C,Secundaria,Completado,59,54,67,4
Masculino,Grupo A,"Educacion Superior, no titulado",No realizado,53,43,43,1
Femenino,Grupo A,"Educacion Superior, no titulado",No realizado,49,65,55,1
Femenino,Grupo D,Secundaria,Completado,88,99,100,3
Femenino,Grupo C,Secundaria,No realizado,54,59,62,1
Femenino,Grupo C,Secundaria,No realizado,63,73,68,4
Masculino,Grupo B,Preparatoria,Completado,65,65,63,4
Femenino,Grupo B,Preparatoria,No realizado,82,80,77,0
Femenino,Grupo D,Secundaria,Completado,52,57,56,1
Masculino,Grupo D,Preparatoria,Completado,87,84,85,3
Femenino,Grupo D,Maestria,Completado,70,71,74,0
Masculino,Grupo E,"Educacion Superior, no titulado",Completado,84,83,78,0
Masculino,Grupo D,Preparatoria,No realizado,71,66,60,4
Masculino,Grupo B,Secundaria,Completado,63,67,67,4
Femenino,Grupo C,"Licenciatura, Ingenieria",Completado,51,72,79,4
Masculino,Grupo E,Secundaria,No realizado,84,73,69,0
Masculino,Grupo C,"Licenciatura, Ingenieria",Completado,71,74,68,0
Masculino,Grupo C,Preparatoria,No realizado,74,73,67,0
Masculino,Grupo D,"Educacion Superior, no titulado",No realizado,68,59,62,4
Masculino,Grupo E,Secundaria,Completado,57,56,54,1
Femenino,Grupo C,Preparatoria,Completado,82,93,93,3
Femenino,Grupo D,Secundaria,Completado,57,58,64,4
Femenino,Grupo D,Maestria,Completado,47,58,67,1
Femenino,Grupo A,Secundaria,Completado,59,85,80,0
Masculino,Grupo B,"Educacion Superior, no titulado",No realizado,41,39,34,2
Femenino,Grupo C,"Educacion Superior, no titulado",No realizado,62,67,62,4
Masculino,Grupo C,"Licenciatura, Ingenieria",No realizado,86,83,86,3
Masculino,Grupo C,Secundaria,No realizado,69,71,65,4
Masculino,Grupo A,Secundaria,No realizado,65,59,53,1
Masculino,Grupo C,Secundaria,No realizado,68,63,54,4
Masculino,Grupo C,Preparatoria,No realizado,64,66,59,4
Femenino,Grupo C,Secundaria,No realizado,61,72,70,4
Masculino,Grupo C,Secundaria,No realizado,61,56,55,1
Femenino,Grupo A,Secundaria,No realizado,47,59,50,1
Masculino,Grupo C,Secundaria,No realizado,73,66,66,4
Masculino,Grupo C,"Educacion Superior, no titulado",Completado,50,48,53,1
Masculino,Grupo D,Preparatoria,No realizado,75,68,64,4
Masculino,Grupo D,Preparatoria,No realizado,75,66,73,0
Masculino,Grupo C,Secundaria,No realizado,70,56,51,1
Masculino,Grupo D,Secundaria,Completado,89,88,82,3
Femenino,Grupo C,"Educacion Superior, no titulado",Completado,67,81,79,0
Femenino,Grupo D,Secundaria,No realizado,78,81,80,0
Femenino,Grupo A,Secundaria,No realizado,59,73,69,4
Femenino,Grupo B,Preparatoria,No realizado,73,83,76,0
Masculino,Grupo A,Secundaria,No realizado,79,82,73,0
Femenino,Grupo C,Secundaria,Completado,67,74,77,0
Masculino,Grupo D,"Educacion Superior, no titulado",No realizado,69,66,60,4
Masculino,Grupo C,Secundaria,Completado,86,81,80,3
Masculino,Grupo B,Secundaria,No realizado,47,46,42,2
Masculino,Grupo B,Preparatoria,No realizado,81,73,72,0
Femenino,Grupo C,"Educacion Superior, no titulado",Completado,64,85,85,0
Femenino,Grupo E,"Educacion Superior, no titulado",No realizado,100,92,97,3
Femenino,Grupo C,Preparatoria,No realizado,65,77,74,0
Masculino,Grupo C,"Educacion Superior, no titulado",No realizado,65,58,49,1
Femenino,Grupo C,Preparatoria,No realizado,53,61,62,1
Masculino,Grupo C,"Licenciatura, Ingenieria",No realizado,37,56,47,1
Femenino,Grupo D,"Licenciatura, Ingenieria",No realizado,79,89,89,3
Masculino,Grupo D,Preparatoria,No realizado,53,54,48,1
Femenino,Grupo E,"Licenciatura, Ingenieria",No realizado,100,100,100,3
Masculino,Grupo B,Secundaria,Completado,72,65,68,4
Masculino,Grupo C,"Licenciatura, Ingenieria",No realizado,53,58,55,1
Masculino,Grupo B,"Educacion Superior, no titulado",No realizado,54,54,45,1
Femenino,Grupo E,"Educacion Superior, no titulado",No realizado,71,70,76,0
Femenino,Grupo C,"Educacion Superior, no titulado",No realizado,77,90,91,3
Masculino,Grupo A,"Licenciatura, Ingenieria",Completado,75,58,62,4
Femenino,Grupo C,"Educacion Superior, no titulado",No realizado,84,87,91,3
Femenino,Grupo D,Preparatoria,No realizado,26,31,38,2
Masculino,Grupo A,Secundaria,Completado,72,67,65,4
Femenino,Grupo A,Secundaria,Completado,77,88,85,3
Masculino,Grupo C,"Educacion Superior, no titulado",No realizado,91,74,76,0
Femenino,Grupo C,Preparatoria,Completado,83,85,90,3
Femenino,Grupo C,Secundaria,No realizado,63,69,74,4
Femenino,Grupo C,Preparatoria,Completado,68,86,84,0
Femenino,Grupo D,Secundaria,No realizado,59,67,61,4
Femenino,Grupo B,Preparatoria,Completado,90,90,91,3
Femenino,Grupo D,"Licenciatura, Ingenieria",Completado,71,76,83,0
Masculino,Grupo E,"Licenciatura, Ingenieria",Completado,76,62,66,4
Masculino,Grupo D,Preparatoria,No realizado,80,68,72,0
Femenino,Grupo D,Maestria,No realizado,55,64,70,4
Masculino,Grupo E,Preparatoria,No realizado,76,71,67,0
Masculino,Grupo B,Secundaria,Completado,73,71,68,4
Femenino,Grupo D,Preparatoria,No realizado,52,59,56,1
Masculino,Grupo C,"Educacion Superior, no titulado",No realizado,68,68,61,4
Masculino,Grupo A,Secundaria,No realizado,59,52,46,1
Femenino,Grupo B,Preparatoria,No realizado,49,52,54,1
Masculino,Grupo C,Secundaria,No realizado,70,74,71,0
Masculino,Grupo D,"Educacion Superior, no titulado",No realizado,61,47,56,1
Femenino,Grupo C,Preparatoria,No realizado,60,75,74,4
Masculino,Grupo B,Secundaria,Completado,64,53,57,1
Masculino,Grupo A,Preparatoria,Completado,79,82,82,0
Femenino,Grupo A,Preparatoria,No realizado,65,85,76,0
Femenino,Grupo C,Preparatoria,No realizado,64,64,70,4
Femenino,Grupo C,"Educacion Superior, no titulado",No realizado,83,83,90,3
Femenino,Grupo C,"Licenciatura, Ingenieria",No realizado,81,88,90,3
Femenino,Grupo B,Secundaria,No realizado,54,64,68,4
Masculino,Grupo D,Secundaria,Completado,68,64,66,4
Femenino,Grupo C,"Educacion Superior, no titulado",No realizado,54,48,52,1
Femenino,Grupo D,"Educacion Superior, no titulado",Completado,59,78,76,0
Femenino,Grupo B,Secundaria,No realizado,66,69,68,4
Masculino,Grupo E,"Educacion Superior, no titulado",No realizado,76,71,72,0
Femenino,Grupo D,Maestria,No realizado,74,79,82,0
Femenino,Grupo B,Preparatoria,Completado,94,87,92,3
Masculino,Grupo C,"Educacion Superior, no titulado",No realizado,63,61,54,1
Femenino,Grupo E,Preparatoria,Completado,95,89,92,3
Femenino,Grupo D,Maestria,No realizado,40,59,54,1
Femenino,Grupo B,Secundaria,No realizado,82,82,80,0
Masculino,Grupo A,Secundaria,No realizado,68,70,66,4
Masculino,Grupo B,"Licenciatura, Ingenieria",No realizado,55,59,54,1
Masculino,Grupo C,Maestria,No realizado,79,78,77,0
Femenino,Grupo C,"Licenciatura, Ingenieria",No realizado,86,92,87,3
Masculino,Grupo D,"Educacion Superior, no titulado",No realizado,76,71,73,0
Masculino,Grupo A,Secundaria,No realizado,64,50,43,1
Masculino,Grupo D,Secundaria,No realizado,62,49,52,1
Femenino,Grupo B,Secundaria,Completado,54,61,62,1
Femenino,Grupo B,Maestria,Completado,77,97,94,3
Femenino,Grupo C,Secundaria,Completado,76,87,85,3
Femenino,Grupo D,"Educacion Superior, no titulado",No realizado,74,89,84,3
Femenino,Grupo E,"Educacion Superior, no titulado",Completado,66,74,73,0
Femenino,Grupo D,Secundaria,Completado,66,78,78,0
Femenino,Grupo B,Secundaria,Completado,67,78,79,0
Masculino,Grupo D,"Educacion Superior, no titulado",No realizado,71,49,52,1
Femenino,Grupo C,Preparatoria,No realizado,91,86,84,3
Masculino,Grupo D,"Licenciatura, Ingenieria",No realizado,69,58,57,4
Masculino,Grupo C,Maestria,No realizado,54,59,50,1
Masculino,Grupo C,Secundaria,Completado,53,52,49,1
Masculino,Grupo E,"Educacion Superior, no titulado",No realizado,68,60,59,4
Masculino,Grupo C,Secundaria,Completado,56,61,60,1
Femenino,Grupo C,Secundaria,No realizado,36,53,43,2
Femenino,Grupo D,"Licenciatura, Ingenieria",No realizado,29,41,47,2
Femenino,Grupo C,Preparatoria,No realizado,62,74,70,4
Femenino,Grupo C,Preparatoria,Completado,68,67,73,4
Femenino,Grupo C,Secundaria,No realizado,47,54,53,1
Masculino,Grupo E,Preparatoria,Completado,62,61,58,4
Femenino,Grupo E,Preparatoria,Completado,79,88,94,3
Masculino,Grupo B,Secundaria,Completado,73,69,68,4
Femenino,Grupo C,"Licenciatura, Ingenieria",Completado,66,83,83,0
Masculino,Grupo C,Preparatoria,Completado,51,60,58,1
Femenino,Grupo D,Secundaria,No realizado,51,66,62,4
Masculino,Grupo E,"Licenciatura, Ingenieria",Completado,85,66,71,0
Masculino,Grupo A,Preparatoria,Completado,97,92,86,3
Masculino,Grupo C,Secundaria,Completado,75,69,68,4
Masculino,Grupo D,Preparatoria,Completado,79,82,80,0
Femenino,Grupo C,Preparatoria,No realizado,81,77,79,0
Femenino,Grupo D,Preparatoria,No realizado,82,95,89,3
Femenino,Grupo D,Maestria,No realizado,64,63,66,4
Masculino,Grupo E,Secundaria,Completado,78,83,80,0
Femenino,Grupo A,Secundaria,Completado,92,100,97,3
Masculino,Grupo C,Secundaria,Completado,72,67,64,4
Femenino,Grupo C,Secundaria,No realizado,62,67,64,4
Masculino,Grupo C,Maestria,No realizado,79,72,69,0
Masculino,Grupo C,Secundaria,No realizado,79,76,65,0
Masculino,Grupo B,"Licenciatura, Ingenieria",Completado,87,90,88,3
Femenino,Grupo B,Preparatoria,No realizado,40,48,50,1
Masculino,Grupo D,"Educacion Superior, no titulado",No realizado,77,62,64,4
Masculino,Grupo E,Preparatoria,No realizado,53,45,40,1
Femenino,Grupo C,"Educacion Superior, no titulado",No realizado,32,39,33,2
Femenino,Grupo C,Preparatoria,Completado,55,72,79,4
Masculino,Grupo C,Maestria,No realizado,61,67,66,4
Femenino,Grupo B,Preparatoria,No realizado,53,70,70,4
Masculino,Grupo D,Secundaria,No realizado,73,66,62,4
Femenino,Grupo D,"Educacion Superior, no titulado",Completado,74,75,79,0
Femenino,Grupo C,"Educacion Superior, no titulado",No realizado,63,74,74,4
Masculino,Grupo C,"Licenciatura, Ingenieria",Completado,96,90,92,3
Femenino,Grupo D,"Educacion Superior, no titulado",Completado,63,80,80,0
Masculino,Grupo B,"Licenciatura, Ingenieria",No realizado,48,51,46,1
Masculino,Grupo B,Preparatoria,No realizado,48,43,45,2
Femenino,Grupo E,"Licenciatura, Ingenieria",Completado,92,100,100,3
Femenino,Grupo D,Maestria,Completado,61,71,78,4
Masculino,Grupo B,Secundaria,No realizado,63,48,47,1
Masculino,Grupo D,"Licenciatura, Ingenieria",No realizado,68,68,67,4
Masculino,Grupo B,"Educacion Superior, no titulado",Completado,71,75,70,0
Masculino,Grupo A,"Licenciatura, Ingenieria",No realizado,91,96,92,3
Femenino,Grupo C,"Educacion Superior, no titulado",No realizado,53,62,56,1
Femenino,Grupo C,Secundaria,Completado,50,66,64,4
Femenino,Grupo E,Secundaria,No realizado,74,81,71,0
Masculino,Grupo A,Preparatoria,Completado,40,55,53,1
Masculino,Grupo A,"Educacion Superior, no titulado",Completado,61,51,52,1
Femenino,Grupo B,Secundaria,No realizado,81,91,89,3
Femenino,Grupo B,"Educacion Superior, no titulado",Completado,48,56,58,1
Femenino,Grupo D,Maestria,No realizado,53,61,68,4
Femenino,Grupo D,Secundaria,No realizado,81,97,96,3
Femenino,Grupo E,Secundaria,No realizado,77,79,80,0
Femenino,Grupo D,"Licenciatura, Ingenieria",No realizado,63,73,78,0
Femenino,Grupo D,Preparatoria,Completado,73,75,80,0
Femenino,Grupo D,"Educacion Superior, no titulado",No realizado,69,77,77,0
Femenino,Grupo C,Preparatoria,No realizado,65,76,76,0
Femenino,Grupo A,Secundaria,No realizado,55,73,73,4
Femenino,Grupo C,"Licenciatura, Ingenieria",No realizado,44,63,62,1
Femenino,Grupo C,"Educacion Superior, no titulado",No realizado,54,64,65,4
Femenino,Grupo A,Secundaria,No realizado,48,66,65,4
Masculino,Grupo C,"Educacion Superior, no titulado",No realizado,58,57,54,1
Masculino,Grupo A,Secundaria,No realizado,71,62,50,4
Masculino,Grupo E,"Licenciatura, Ingenieria",No realizado,68,68,64,4
Femenino,Grupo E,Secundaria,No realizado,74,76,73,0
Femenino,Grupo C,"Licenciatura, Ingenieria",Completado,92,100,99,3
Femenino,Grupo C,"Licenciatura, Ingenieria",Completado,56,79,72,4
Masculino,Grupo B,Secundaria,No realizado,30,24,15,2
Masculino,Grupo A,Secundaria,No realizado,53,54,48,1
Femenino,Grupo D,Secundaria,No realizado,69,77,73,0
Femenino,Grupo D,Secundaria,No realizado,65,82,81,0
Femenino,Grupo D,Maestria,No realizado,54,60,63,1
Femenino,Grupo C,Secundaria,No realizado,29,29,30,2
Femenino,Grupo E,"Educacion Superior, no titulado",No realizado,76,78,80,0
Masculino,Grupo D,Secundaria,No realizado,60,57,51,1
Masculino,Grupo D,Maestria,Completado,84,89,90,3
Masculino,Grupo C,Secundaria,No realizado,75,72,62,4
Femenino,Grupo C,Preparatoria,No realizado,85,84,82,3
Femenino,Grupo C,Maestria,No realizado,40,58,54,1
Femenino,Grupo E,"Educacion Superior, no titulado",No realizado,61,64,62,4
Femenino,Grupo B,Preparatoria,No realizado,58,63,65,4
Masculino,Grupo D,"Educacion Superior, no titulado",Completado,69,60,63,4
Femenino,Grupo C,"Educacion Superior, no titulado",No realizado,58,59,66,4
Masculino,Grupo C,"Licenciatura, Ingenieria",Completado,94,90,91,3
Femenino,Grupo C,Preparatoria,No realizado,65,77,74,0
Femenino,Grupo A,Preparatoria,No realizado,82,93,93,3
Femenino,Grupo C,Secundaria,No realizado,60,68,72,4
Femenino,Grupo E,"Licenciatura, Ingenieria",No realizado,37,45,38,2
Masculino,Grupo D,"Licenciatura, Ingenieria",No realizado,88,78,83,3
Masculino,Grupo D,Maestria,No realizado,95,81,84,3
Masculino,Grupo C,Preparatoria,Completado,65,73,68,4
Femenino,Grupo C,Secundaria,No realizado,35,61,54,1
Masculino,Grupo B,"Licenciatura, Ingenieria",No realizado,62,63,56,4
Masculino,Grupo C,Secundaria,Completado,58,51,52,1
Masculino,Grupo A,"Educacion Superior, no titulado",Completado,100,96,86,3
Femenino,Grupo E,"Licenciatura, Ingenieria",No realizado,61,58,62,4
Masculino,Grupo D,"Educacion Superior, no titulado",Completado,100,97,99,3
Masculino,Grupo B,Preparatoria,Completado,69,70,63,4
Masculino,Grupo D,Preparatoria,No realizado,61,48,46,1
Masculino,Grupo D,"Educacion Superior, no titulado",No realizado,49,57,46,1
Femenino,Grupo C,Secundaria,Completado,44,51,55,1
Masculino,Grupo D,"Educacion Superior, no titulado",No realizado,67,64,70,4
Masculino,Grupo B,Secundaria,No realizado,79,60,65,4
Femenino,Grupo B,"Licenciatura, Ingenieria",Completado,66,74,81,0
Femenino,Grupo C,Secundaria,No realizado,75,88,85,3
Masculino,Grupo D,Secundaria,No realizado,84,84,80,3
Masculino,Grupo A,Secundaria,No realizado,71,74,64,4
Femenino,Grupo B,Secundaria,Completado,67,80,81,0
Femenino,Grupo D,Secundaria,Completado,80,92,88,3
Masculino,Grupo E,"Educacion Superior, no titulado",No realizado,86,76,74,0
Femenino,Grupo D,Preparatoria,No realizado,76,74,73,0
Masculino,Grupo D,Secundaria,No realizado,41,52,51,1
Femenino,Grupo D,Preparatoria,Completado,74,88,90,3
Femenino,Grupo B,Secundaria,No realizado,72,81,79,0
Femenino,Grupo E,Secundaria,Completado,74,79,80,0
Masculino,Grupo B,Secundaria,No realizado,70,65,60,4
Femenino,Grupo B,"Licenciatura, Ingenieria",Completado,65,81,81,0
Femenino,Grupo D,Preparatoria,No realizado,59,70,65,4
Femenino,Grupo E,Secundaria,No realizado,64,62,68,4
Femenino,Grupo B,Secundaria,No realizado,50,53,55,1
Femenino,Grupo D,"Educacion Superior, no titulado",Completado,69,79,81,0
Masculino,Grupo C,Secundaria,Completado,51,56,53,1
Femenino,Grupo A,Secundaria,Completado,68,80,76,0
Femenino,Grupo D,"Educacion Superior, no titulado",Completado,85,86,98,3
Femenino,Grupo A,Preparatoria,Completado,65,70,74,4
Femenino,Grupo B,Secundaria,No realizado,73,79,79,0
Femenino,Grupo B,"Educacion Superior, no titulado",No realizado,62,67,67,4
Masculino,Grupo C,Preparatoria,No realizado,77,67,64,4
Masculino,Grupo D,Secundaria,No realizado,69,66,61,4
Femenino,Grupo D,Preparatoria,No realizado,43,60,58,1
Masculino,Grupo D,Preparatoria,No realizado,90,87,85,3
Masculino,Grupo C,"Educacion Superior, no titulado",No realizado,74,77,73,0
Masculino,Grupo C,Secundaria,No realizado,73,66,63,4
Femenino,Grupo D,"Educacion Superior, no titulado",No realizado,55,71,69,4
Femenino,Grupo C,Secundaria,No realizado,65,69,67,4
Masculino,Grupo D,Preparatoria,No realizado,80,63,63,4
Femenino,Grupo C,Secundaria,Completado,50,60,60,1
Femenino,Grupo C,"Educacion Superior, no titulado",Completado,63,73,71,4
Femenino,Grupo B,"Licenciatura, Ingenieria",No realizado,77,85,87,3
Masculino,Grupo C,"Educacion Superior, no titulado",No realizado,73,74,61,4
Masculino,Grupo D,Preparatoria,Completado,81,72,77,0
Femenino,Grupo C,Secundaria,No realizado,66,76,68,4
Masculino,Grupo D,Preparatoria,No realizado,52,57,50,1
Femenino,Grupo C,"Educacion Superior, no titulado",No realizado,69,78,76,0
Femenino,Grupo C,Preparatoria,Completado,65,84,84,0
Femenino,Grupo D,Secundaria,Completado,69,77,78,0
Femenino,Grupo B,"Educacion Superior, no titulado",Completado,50,64,66,4
Femenino,Grupo E,"Educacion Superior, no titulado",Completado,73,78,76,0
Femenino,Grupo C,Secundaria,Completado,70,82,76,0
Masculino,Grupo D,Preparatoria,No realizado,81,75,78,0
Masculino,Grupo D,"Educacion Superior, no titulado",No realizado,63,61,60,4
Femenino,Grupo D,Secundaria,No realizado,67,72,74,0
Masculino,Grupo B,Secundaria,No realizado,60,68,60,4
Masculino,Grupo B,Secundaria,No realizado,62,55,54,1
Femenino,Grupo C,Secundaria,Completado,29,40,44,2
Masculino,Grupo B,"Educacion Superior, no titulado",Completado,62,66,68,4
Femenino,Grupo E,Maestria,Completado,94,99,100,3
Masculino,Grupo E,"Educacion Superior, no titulado",Completado,85,75,68,0
Masculino,Grupo D,Preparatoria,No realizado,77,78,73,0
Masculino,Grupo A,Secundaria,No realizado,53,58,44,1
Masculino,Grupo E,"Educacion Superior, no titulado",No realizado,93,90,83,3
Femenino,Grupo C,Preparatoria,No realizado,49,53,53,1
Femenino,Grupo E,Preparatoria,No realizado,73,76,78,0
Femenino,Grupo C,"Licenciatura, Ingenieria",Completado,66,74,81,0
Femenino,Grupo D,Preparatoria,No realizado,77,77,73,0
Femenino,Grupo C,Secundaria,No realizado,49,63,56,1
Femenino,Grupo D,"Educacion Superior, no titulado",No realizado,79,89,86,3
Femenino,Grupo C,Preparatoria,Completado,75,82,90,3
Femenino,Grupo A,"Licenciatura, Ingenieria",No realizado,59,72,70,4
Femenino,Grupo D,Preparatoria,Completado,57,78,79,0
Masculino,Grupo C,Secundaria,No realizado,66,66,59,4
Femenino,Grupo E,"Licenciatura, Ingenieria",Completado,79,81,82,0
Femenino,Grupo B,Secundaria,No realizado,57,67,72,4
Masculino,Grupo A,"Licenciatura, Ingenieria",Completado,87,84,87,3
Femenino,Grupo D,"Educacion Superior, no titulado",No realizado,63,64,67,4
Femenino,Grupo B,Secundaria,Completado,59,63,64,4
Masculino,Grupo A,"Licenciatura, Ingenieria",No realizado,62,72,65,4
Masculino,Grupo D,Secundaria,No realizado,46,34,36,2
Masculino,Grupo C,"Educacion Superior, no titulado",No realizado,66,59,52,1
Masculino,Grupo D,Secundaria,No realizado,89,87,79,3
Femenino,Grupo D,Preparatoria,Completado,42,61,58,1
Masculino,Grupo C,"Educacion Superior, no titulado",Completado,93,84,90,3
Femenino,Grupo E,Secundaria,Completado,80,85,85,3
Femenino,Grupo D,"Educacion Superior, no titulado",No realizado,98,100,99,3
Masculino,Grupo D,Maestria,No realizado,81,81,84,0
Femenino,Grupo B,Secundaria,Completado,60,70,74,4
Femenino,Grupo B,Preparatoria,Completado,76,94,87,3
Masculino,Grupo C,Preparatoria,Completado,73,78,72,0
Femenino,Grupo C,Preparatoria,Completado,96,96,99,3
Femenino,Grupo C,Secundaria,No realizado,76,76,74,0
Masculino,Grupo E,Preparatoria,Completado,91,73,80,0
Femenino,Grupo C,"Educacion Superior, no titulado",No realizado,62,72,70,4
Masculino,Grupo D,Secundaria,Completado,55,59,59,1
Femenino,Grupo B,Secundaria,Completado,74,90,88,3
Masculino,Grupo C,Secundaria,No realizado,50,48,42,1
Masculino,Grupo B,"Educacion Superior, no titulado",No realizado,47,43,41,2
Masculino,Grupo E,"Educacion Superior, no titulado",Completado,81,74,71,0
Femenino,Grupo E,Preparatoria,Completado,65,75,77,0
Masculino,Grupo E,Secundaria,Completado,68,51,57,1
Femenino,Grupo D,Secundaria,No realizado,73,92,84,3
Masculino,Grupo C,"Educacion Superior, no titulado",No realizado,53,39,37,2
Femenino,Grupo B,Preparatoria,Completado,68,77,80,0
Masculino,Grupo A,Secundaria,No realizado,55,46,43,1
Femenino,Grupo C,"Educacion Superior, no titulado",Completado,87,89,94,3
Masculino,Grupo D,Secundaria,No realizado,55,47,44,1
Femenino,Grupo E,"Educacion Superior, no titulado",No realizado,53,58,57,1
Masculino,Grupo C,Maestria,No realizado,67,57,59,4
Masculino,Grupo C,Preparatoria,No realizado,92,79,84,3
Femenino,Grupo B,"Educacion Superior, no titulado",Completado,53,66,73,4
Masculino,Grupo D,Preparatoria,No realizado,81,71,73,0
Masculino,Grupo C,Secundaria,No realizado,61,60,55,1
Masculino,Grupo D,"Licenciatura, Ingenieria",No realizado,80,73,72,0
Femenino,Grupo A,Preparatoria,No realizado,37,57,56,1
Femenino,Grupo C,Secundaria,No realizado,81,84,82,3
Femenino,Grupo C,Preparatoria,Completado,59,73,72,4
Masculino,Grupo B,"Educacion Superior, no titulado",No realizado,55,55,47,1
Masculino,Grupo D,Preparatoria,No realizado,72,79,74,0
Masculino,Grupo D,Secundaria,No realizado,69,75,71,0
Masculino,Grupo C,"Educacion Superior, no titulado",No realizado,69,64,68,4
Femenino,Grupo C,"Licenciatura, Ingenieria",No realizado,50,60,59,1
Masculino,Grupo B,"Educacion Superior, no titulado",Completado,87,84,86,3
Masculino,Grupo D,Secundaria,Completado,71,69,68,4
Masculino,Grupo E,"Educacion Superior, no titulado",No realizado,68,72,65,4
Masculino,Grupo C,Maestria,Completado,79,77,75,0
Femenino,Grupo C,Secundaria,Completado,77,90,85,3
Masculino,Grupo C,Preparatoria,No realizado,58,55,53,1
Femenino,Grupo E,Preparatoria,No realizado,84,95,92,3
Masculino,Grupo D,"Educacion Superior, no titulado",No realizado,55,58,52,1
Masculino,Grupo E,"Licenciatura, Ingenieria",Completado,70,68,72,4
Femenino,Grupo D,"Educacion Superior, no titulado",Completado,52,59,65,1
Masculino,Grupo B,"Educacion Superior, no titulado",Completado,69,77,77,0
Femenino,Grupo C,Secundaria,No realizado,53,72,64,4
Femenino,Grupo D,Secundaria,No realizado,48,58,54,1
Masculino,Grupo D,Secundaria,Completado,78,81,86,0
Femenino,Grupo B,Secundaria,No realizado,62,62,63,4
Masculino,Grupo D,"Educacion Superior, no titulado",No realizado,60,63,59,4
Femenino,Grupo B,Secundaria,No realizado,74,72,72,0
Femenino,Grupo C,Secundaria,Completado,58,75,77,4
Masculino,Grupo B,Secundaria,Completado,76,62,60,4
Femenino,Grupo D,Secundaria,No realizado,68,71,75,0
Masculino,Grupo A,"Educacion Superior, no titulado",No realizado,58,60,57,1
Masculino,Grupo B,Secundaria,No realizado,52,48,49,1
Masculino,Grupo D,"Licenciatura, Ingenieria",No realizado,75,73,74,0
Femenino,Grupo B,Secundaria,Completado,52,67,72,4
Femenino,Grupo C,"Licenciatura, Ingenieria",No realizado,62,78,79,0
Masculino,Grupo B,"Educacion Superior, no titulado",No realizado,66,65,60,4
Femenino,Grupo B,Secundaria,No realizado,49,58,55,1
Femenino,Grupo B,Secundaria,No realizado,66,72,70,4
Femenino,Grupo C,"Educacion Superior, no titulado",No realizado,35,44,43,2
Femenino,Grupo A,"Educacion Superior, no titulado",Completado,72,79,82,0
Masculino,Grupo E,Preparatoria,Completado,94,85,82,3
Femenino,Grupo D,Preparatoria,No realizado,46,56,57,1
Femenino,Grupo B,Maestria,No realizado,77,90,84,3
Femenino,Grupo B,Secundaria,Completado,76,85,82,0
Femenino,Grupo C,Preparatoria,Completado,52,59,62,1
Masculino,Grupo C,"Licenciatura, Ingenieria",Completado,91,81,79,3
Femenino,Grupo B,Secundaria,Completado,32,51,44,2
Femenino,Grupo E,Secundaria,No realizado,72,79,77,0
Femenino,Grupo B,"Educacion Superior, no titulado",No realizado,19,38,32,2
Masculino,Grupo C,Preparatoria,No realizado,68,65,61,4
Femenino,Grupo C,Maestria,No realizado,52,65,61,4
Femenino,Grupo B,Secundaria,No realizado,48,62,60,1
Femenino,Grupo D,"Educacion Superior, no titulado",No realizado,60,66,70,4
Masculino,Grupo D,Secundaria,No realizado,66,74,69,4
Masculino,Grupo E,Secundaria,Completado,89,84,77,3
Femenino,Grupo B,Secundaria,No realizado,42,52,51,1
Femenino,Grupo E,Preparatoria,Completado,57,68,73,4
Masculino,Grupo D,Secundaria,No realizado,70,70,70,4
Femenino,Grupo E,Preparatoria,No realizado,70,84,81,0
Masculino,Grupo E,"Educacion Superior, no titulado",No realizado,69,60,54,4
Femenino,Grupo C,Preparatoria,No realizado,52,55,57,1
Masculino,Grupo C,Secundaria,Completado,67,73,68,4
Masculino,Grupo C,Secundaria,Completado,76,80,73,0
Femenino,Grupo E,Preparatoria,No realizado,87,94,95,3
Femenino,Grupo B,"Educacion Superior, no titulado",No realizado,82,85,87,3
Femenino,Grupo C,"Educacion Superior, no titulado",No realizado,73,76,78,0
Masculino,Grupo A,"Educacion Superior, no titulado",No realizado,75,81,74,0
Femenino,Grupo D,"Educacion Superior, no titulado",No realizado,64,74,75,0
Femenino,Grupo E,Secundaria,No realizado,41,45,40,2
Masculino,Grupo C,Secundaria,No realizado,90,75,69,0
Masculino,Grupo B,"Licenciatura, Ingenieria",No realizado,59,54,51,1
Masculino,Grupo A,Secundaria,No realizado,51,31,36,2
Masculino,Grupo A,Secundaria,No realizado,45,47,49,1
Femenino,Grupo C,Maestria,Completado,54,64,67,4
Masculino,Grupo E,Secundaria,Completado,87,84,76,3
Femenino,Grupo C,Secundaria,No realizado,72,80,83,0
Masculino,Grupo B,Secundaria,Completado,94,86,87,3
Femenino,Grupo A,"Licenciatura, Ingenieria",No realizado,45,59,64,1
Masculino,Grupo D,"Licenciatura, Ingenieria",Completado,61,70,76,4
Femenino,Grupo B,Secundaria,No realizado,60,72,68,4
Femenino,Grupo C,Secundaria,No realizado,77,91,88,3
Femenino,Grupo A,Secundaria,Completado,85,90,92,3
Femenino,Grupo D,"Licenciatura, Ingenieria",No realizado,78,90,93,3
Masculino,Grupo E,"Educacion Superior, no titulado",Completado,49,52,51,1
Femenino,Grupo B,Secundaria,No realizado,71,87,82,0
Femenino,Grupo C,Secundaria,No realizado,48,58,52,1
Masculino,Grupo C,Secundaria,No realizado,62,67,58,4
Femenino,Grupo C,Preparatoria,Completado,56,68,70,4
Femenino,Grupo C,Secundaria,No realizado,65,69,76,4
Femenino,Grupo D,Secundaria,Completado,69,86,81,0
Masculino,Grupo B,Secundaria,No realizado,68,54,53,1
Femenino,Grupo A,"Educacion Superior, no titulado",No realizado,61,60,57,1
Femenino,Grupo C,"Licenciatura, Ingenieria",Completado,74,86,89,3
Masculino,Grupo A,"Licenciatura, Ingenieria",No realizado,64,60,58,4
Femenino,Grupo B,Secundaria,Completado,77,82,89,3
Masculino,Grupo B,"Educacion Superior, no titulado",No realizado,58,50,45,1
Femenino,Grupo C,Secundaria,Completado,60,64,74,4
Masculino,Grupo E,Secundaria,No realizado,73,64,57,4
Femenino,Grupo A,Secundaria,Completado,75,82,79,0
Masculino,Grupo B,Preparatoria,Completado,58,57,53,1
Femenino,Grupo C,Preparatoria,No realizado,66,77,73,0
Femenino,Grupo D,Secundaria,No realizado,39,52,46,1
Masculino,Grupo C,Secundaria,No realizado,64,58,51,1
Femenino,Grupo B,Secundaria,Completado,23,44,36,2
Masculino,Grupo B,"Educacion Superior, no titulado",Completado,74,77,76,0
Femenino,Grupo D,Secundaria,Completado,40,65,64,1
Masculino,Grupo E,Maestria,No realizado,90,85,84,3
Masculino,Grupo C,Maestria,Completado,91,85,85,3
Masculino,Grupo D,Secundaria,No realizado,64,54,50,1
Femenino,Grupo C,Secundaria,No realizado,59,72,68,4
Masculino,Grupo D,Preparatoria,No realizado,80,75,69,0
Masculino,Grupo C,Maestria,No realizado,71,67,67,4
Femenino,Grupo A,Secundaria,No realizado,61,68,63,4
Femenino,Grupo E,"Educacion Superior, no titulado",No realizado,87,85,93,3
Masculino,Grupo E,Secundaria,No realizado,82,67,61,4
Masculino,Grupo C,Secundaria,No realizado,62,64,55,4
Femenino,Grupo B,"Licenciatura, Ingenieria",No realizado,97,97,96,3
Masculino,Grupo B,"Educacion Superior, no titulado",No realizado,75,68,65,4
Femenino,Grupo C,"Licenciatura, Ingenieria",No realizado,65,79,81,0
Masculino,Grupo B,Secundaria,Completado,52,49,46,1
Masculino,Grupo C,Preparatoria,No realizado,87,73,72,0
Femenino,Grupo C,Preparatoria,No realizado,53,62,53,1
Femenino,Grupo E,Maestria,No realizado,81,86,87,3
Masculino,Grupo D,"Licenciatura, Ingenieria",Completado,39,42,38,2
Femenino,Grupo C,"Educacion Superior, no titulado",Completado,71,71,80,0
Masculino,Grupo C,Preparatoria,No realizado,97,93,91,3
Masculino,Grupo D,"Educacion Superior, no titulado",Completado,82,82,88,3
Masculino,Grupo C,Secundaria,No realizado,59,53,52,1
Masculino,Grupo B,Preparatoria,No realizado,61,42,41,1
Masculino,Grupo E,Preparatoria,Completado,78,74,72,0
Masculino,Grupo C,Preparatoria,No realizado,49,51,51,1
Masculino,Grupo B,Secundaria,No realizado,59,58,47,1
Femenino,Grupo C,"Educacion Superior, no titulado",Completado,70,72,76,0
Masculino,Grupo B,Preparatoria,Completado,82,84,78,0
Masculino,Grupo E,Preparatoria,No realizado,90,90,82,3
Femenino,Grupo C,"Licenciatura, Ingenieria",No realizado,43,62,61,1
Masculino,Grupo C,"Educacion Superior, no titulado",No realizado,80,64,66,4
Masculino,Grupo D,"Educacion Superior, no titulado",No realizado,81,82,84,3
Masculino,Grupo C,Secundaria,No realizado,57,61,54,1
Femenino,Grupo D,Secundaria,No realizado,59,72,80,4
Femenino,Grupo D,Preparatoria,No realizado,64,76,74,0
Masculino,Grupo C,"Licenciatura, Ingenieria",Completado,63,64,66,4
Femenino,Grupo E,"Licenciatura, Ingenieria",Completado,71,70,70,4
Femenino,Grupo B,Secundaria,No realizado,64,73,71,4
Masculino,Grupo D,"Licenciatura, Ingenieria",No realizado,55,46,44,1
Femenino,Grupo E,Preparatoria,No realizado,51,51,54,1
Femenino,Grupo C,Preparatoria,Completado,62,76,80,0
Femenino,Grupo E,Preparatoria,Completado,93,100,95,3
Masculino,Grupo C,Secundaria,No realizado,54,72,59,4
Femenino,Grupo D,"Educacion Superior, no titulado",No realizado,69,65,74,4
Masculino,Grupo D,Secundaria,No realizado,44,51,48,1
Femenino,Grupo E,"Educacion Superior, no titulado",Completado,86,85,91,3
Femenino,Grupo E,Preparatoria,No realizado,85,92,85,3
Femenino,Grupo A,Maestria,No realizado,50,67,73,4
Masculino,Grupo D,Secundaria,Completado,88,74,75,0
Femenino,Grupo E,Preparatoria,No realizado,59,62,69,4
Femenino,Grupo E,Secundaria,No realizado,32,34,38,2
Masculino,Grupo B,Secundaria,No realizado,36,29,27,2
Femenino,Grupo B,Secundaria,Completado,63,78,79,0
Masculino,Grupo D,Preparatoria,Completado,67,54,63,4
Femenino,Grupo D,Secundaria,Completado,65,78,82,0
Masculino,Grupo D,Maestria,No realizado,85,84,89,3
Femenino,Grupo C,Maestria,No realizado,73,78,74,0
Femenino,Grupo A,Secundaria,Completado,34,48,41,2
Femenino,Grupo D,"Licenciatura, Ingenieria",Completado,93,100,100,3
Femenino,Grupo D,Secundaria,No realizado,67,84,84,0
Masculino,Grupo D,"Educacion Superior, no titulado",No realizado,88,77,77,0
Masculino,Grupo B,Secundaria,No realizado,57,48,51,1
Femenino,Grupo D,"Educacion Superior, no titulado",Completado,79,84,91,3
Femenino,Grupo C,"Licenciatura, Ingenieria",No realizado,67,75,72,0
Masculino,Grupo E,"Licenciatura, Ingenieria",Completado,70,64,70,4
Masculino,Grupo D,"Licenciatura, Ingenieria",No realizado,50,42,48,1
Femenino,Grupo A,"Educacion Superior, no titulado",No realizado,69,84,82,0
Femenino,Grupo C,"Licenciatura, Ingenieria",Completado,52,61,66,4
Femenino,Grupo C,"Licenciatura, Ingenieria",Completado,47,62,66,1
Femenino,Grupo B,Preparatoria,No realizado,46,61,55,1
Femenino,Grupo E,"Educacion Superior, no titulado",No realizado,68,70,66,4
Masculino,Grupo E,"Licenciatura, Ingenieria",Completado,100,100,100,3
Femenino,Grupo C,Secundaria,No realizado,44,61,52,1
Femenino,Grupo C,Preparatoria,Completado,57,77,80,0
Masculino,Grupo B,"Educacion Superior, no titulado",Completado,91,96,91,3
Masculino,Grupo D,Secundaria,No realizado,69,70,67,4
Femenino,Grupo C,Secundaria,No realizado,35,53,46,2
Masculino,Grupo D,Secundaria,No realizado,72,66,66,4
Femenino,Grupo B,Preparatoria,No realizado,54,65,65,4
Masculino,Grupo D,Secundaria,No realizado,74,70,69,0
Masculino,Grupo E,Secundaria,Completado,74,64,60,4
Masculino,Grupo E,Preparatoria,No realizado,64,56,52,1
Femenino,Grupo D,Secundaria,Completado,65,61,71,4
Masculino,Grupo E,Preparatoria,Completado,46,43,44,2
Femenino,Grupo C,Secundaria,No realizado,48,56,51,1
Masculino,Grupo C,"Educacion Superior, no titulado",Completado,67,74,70,4
Masculino,Grupo D,"Educacion Superior, no titulado",No realizado,62,57,62,4
Masculino,Grupo D,Preparatoria,Completado,61,71,73,4
Masculino,Grupo C,"Licenciatura, Ingenieria",Completado,70,75,74,0
Masculino,Grupo C,Preparatoria,Completado,98,87,90,3
Masculino,Grupo D,"Educacion Superior, no titulado",No realizado,70,63,58,4
Masculino,Grupo A,Preparatoria,No realizado,67,57,53,1
Femenino,Grupo E,Secundaria,No realizado,57,58,57,1
Masculino,Grupo D,"Educacion Superior, no titulado",Completado,85,81,85,3
Masculino,Grupo D,Secundaria,Completado,77,68,69,0
Masculino,Grupo C,Maestria,Completado,72,66,72,4
Femenino,Grupo D,Maestria,No realizado,78,91,96,3
Masculino,Grupo C,Secundaria,No realizado,81,66,64,4
Masculino,Grupo A,Secundaria,Completado,61,62,61,4
Femenino,Grupo B,Secundaria,No realizado,58,68,61,4
Femenino,Grupo C,Preparatoria,No realizado,54,61,58,1
Masculino,Grupo B,Secundaria,No realizado,82,82,80,0
Femenino,Grupo D,"Educacion Superior, no titulado",No realizado,49,58,60,1
Masculino,Grupo B,Secundaria,Completado,49,50,52,1
Femenino,Grupo E,Secundaria,Completado,57,75,73,4
Masculino,Grupo E,Secundaria,No realizado,94,73,71,0
Femenino,Grupo D,"Educacion Superior, no titulado",Completado,75,77,83,0
Femenino,Grupo E,Secundaria,No realizado,74,74,72,0
Masculino,Grupo C,Secundaria,Completado,58,52,54,1
Femenino,Grupo C,"Educacion Superior, no titulado",No realizado,62,69,69,4
Masculino,Grupo E,Preparatoria,No realizado,72,57,62,4
Masculino,Grupo C,"Educacion Superior, no titulado",No realizado,84,87,81,3
Femenino,Grupo D,Maestria,No realizado,92,100,100,3
Femenino,Grupo D,Secundaria,No realizado,45,63,59,1
Masculino,Grupo C,Secundaria,No realizado,75,81,71,0
Femenino,Grupo A,"Educacion Superior, no titulado",No realizado,56,58,64,4
Femenino,Grupo D,Secundaria,No realizado,48,54,53,1
Femenino,Grupo E,Preparatoria,No realizado,100,100,100,3
Femenino,Grupo C,Secundaria,Completado,65,76,75,0
Masculino,Grupo D,"Educacion Superior, no titulado",No realizado,72,57,58,4
Femenino,Grupo D,"Educacion Superior, no titulado",No realizado,62,70,72,4
Masculino,Grupo A,Secundaria,Completado,66,68,64,4
Masculino,Grupo C,"Educacion Superior, no titulado",No realizado,63,63,60,4
Femenino,Grupo E,Preparatoria,No realizado,68,76,67,4
Femenino,Grupo B,"Licenciatura, Ingenieria",No realizado,75,84,80,0
Femenino,Grupo D,"Licenciatura, Ingenieria",No realizado,89,100,100,3
Masculino,Grupo C,Secundaria,Completado,78,72,69,0
Femenino,Grupo A,Secundaria,Completado,53,50,60,1
Femenino,Grupo D,"Educacion Superior, no titulado",No realizado,49,65,61,1
Femenino,Grupo A,"Educacion Superior, no titulado",No realizado,54,63,67,4
Femenino,Grupo C,"Educacion Superior, no titulado",Completado,64,82,77,0
Masculino,Grupo B,"Educacion Superior, no titulado",Completado,60,62,60,4
Masculino,Grupo C,Preparatoria,No realizado,62,65,58,4
Masculino,Grupo D,Secundaria,Completado,55,41,48,1
Femenino,Grupo C,Preparatoria,No realizado,91,95,94,3
Femenino,Grupo B,Secundaria,No realizado,8,24,23,2
Masculino,Grupo D,Secundaria,No realizado,81,78,78,0
Masculino,Grupo B,Secundaria,Completado,79,85,86,3
Femenino,Grupo A,"Educacion Superior, no titulado",Completado,78,87,91,3
Femenino,Grupo C,Secundaria,No realizado,74,75,82,0
Masculino,Grupo A,Secundaria,No realizado,57,51,54,1
Femenino,Grupo C,Preparatoria,No realizado,40,59,51,1
Masculino,Grupo E,Secundaria,Completado,81,75,76,0
Femenino,Grupo A,Secundaria,No realizado,44,45,45,2
Femenino,Grupo D,"Educacion Superior, no titulado",Completado,67,86,83,0
Masculino,Grupo E,Secundaria,Completado,86,81,75,0
Femenino,Grupo B,Secundaria,Completado,65,82,78,0
Femenino,Grupo D,Preparatoria,No realizado,55,76,76,4
Femenino,Grupo D,"Licenciatura, Ingenieria",No realizado,62,72,74,4
Masculino,Grupo A,Secundaria,No realizado,63,63,62,4
Femenino,Grupo E,Maestria,Completado,88,99,95,3
Masculino,Grupo C,Secundaria,No realizado,62,55,55,1
Femenino,Grupo C,Secundaria,Completado,59,71,65,4
Femenino,Grupo D,"Educacion Superior, no titulado",Completado,68,78,77,0
Femenino,Grupo D,"Educacion Superior, no titulado",No realizado,77,86,86,3
